time,acceleration,gyroscope
1,1.368431860224151,0.0
2,3.39460806724575,0.0
3,0.667422644730416,0.0
4,2.0427179142176195,0.0
5,1.3609394883163428,0.0
6,2.006442336394592,0.0
7,0.6556345051262122,0.0
8,3.9799605910866447,0.0
9,1.9601854756671853,0.0
10,1.3217705036706837,0.0
11,4.620376130676996,0.0
12,0.683262448007318,0.0
13,1.3128994856601301,0.0
14,1.956562401802801,0.0
15,1.3155812462802976,0.0
